INSERT IGNORE INTO categories (id, name) VALUES (1, '日本料理');
INSERT IGNORE INTO categories (id, name) VALUES (2, 'スペイン料理');
INSERT IGNORE INTO categories (id, name) VALUES (3, 'イタリアン');
INSERT IGNORE INTO categories (id, name) VALUES (4, 'ステーキ');
INSERT IGNORE INTO categories (id, name) VALUES (5, '洋食');
INSERT IGNORE INTO categories (id, name) VALUES (6, 'フランス料理');
INSERT IGNORE INTO categories (id, name) VALUES (7, '韓国料理');
INSERT IGNORE INTO categories (id, name) VALUES (8, 'フレンチ');
INSERT IGNORE INTO categories (id, name) VALUES (9, '創作料理');
INSERT IGNORE INTO categories (id, name) VALUES (10, '居酒屋');
INSERT IGNORE INTO categories (id, name) VALUES (11, '焼肉');
INSERT IGNORE INTO categories (id, name) VALUES (12, '海鮮');
INSERT IGNORE INTO categories (id, name) VALUES (13, '中華料理');
INSERT IGNORE INTO categories (id, name) VALUES (14, 'ビストロ');
INSERT IGNORE INTO categories (id, name) VALUES (15, 'バーベキュー');
INSERT IGNORE INTO categories (id, name) VALUES (16, 'しゃぶしゃぶ');
INSERT IGNORE INTO categories (id, name) VALUES (17, '寿司');
INSERT IGNORE INTO categories (id, name) VALUES (18, 'カフェ');
INSERT IGNORE INTO categories (id, name) VALUES (19, '郷土料理');

INSERT IGNORE INTO restaurants (id, name, image, description, lowest_price,  highest_price, postal_code, address, access, opening_time, closing_time, phone_number, seating_capacity) VALUES (1, '料理屋 植むら', 'shop01.jpg', '「お客様に楽しんで、満足して頂けるお料理をご提供すること」を追求し続けています。', 30000, 39999, '650-0004', '兵庫県神戸市中央区中山手通1-24-14 ペンシルビル 4F', 'JR 神戸線三ノ宮駅 西口 徒歩7分', '12:00', '23:00', '012-345-678', 28);
INSERT IGNORE INTO restaurants (id, name, image, description, lowest_price,  highest_price, postal_code, address, access, opening_time, closing_time, phone_number, seating_capacity) VALUES (2, 'カセント（Ca sent0）', 'shop02.jpg', '神戸という土地の優しさを表現する', 30000, 39999, '650-0004', '兵庫県神戸市中央区中山手通4-16-14', '神戸市営地下鉄西神・山手線「県庁前」駅 徒歩約7分', '12:00', '22:00', '012-345-678', 34);
INSERT IGNORE INTO restaurants (id, name, image, description, lowest_price,  highest_price, postal_code, address, access, opening_time, closing_time, phone_number, seating_capacity) VALUES (3, '北野坂 木下', 'shop03.jpg', 'The Tabelog Award受賞のお店', 15000, 29999, '650-0004', '兵庫県神戸市中央区中山手通1-24-14 ペンシルビル 2F', '阪神電車神戸三宮駅より徒歩4分', '12:00', '20:45', '012-345-678', 32);
INSERT IGNORE INTO restaurants (id, name, image, description, lowest_price,  highest_price, postal_code, address, access, opening_time, closing_time, phone_number, seating_capacity) VALUES (4, '志ん（シン）', 'shop04.jpg', '厳選した最上級の神戸ビーフ＆有機野菜を温かな雰囲気が漂うウッド調の店内でお楽しみ下さい！', 1000, 7999, '650-0012', '兵庫県神戸市中央区北長狭通2-10-12 SEIGYOビル 2F', 'JR三宮駅 徒歩5分/阪急三宮駅 徒歩3分', '11:30', '22:00', '012-345-678', 27);
INSERT IGNORE INTO restaurants (id, name, image, description, lowest_price,  highest_price, postal_code, address, access, opening_time, closing_time, phone_number, seating_capacity) VALUES (5, 'カジュアルダイニング ザ・テラス（THE TERRACE）', 'shop05.jpg', '新神戸駅から直結♦季節ごとに変化するブッフェを様々なシーンで堪能して頂けます。', 4000, 5999, '650-0002', '兵庫県神戸市中央区北野町1-1 ANAクラウンプラザホテル神戸 4F', '山陽新幹線・神戸市営地下鉄「新神戸駅」直結', '06:00', '15:00', '012-345-678', 47);
INSERT IGNORE INTO restaurants (id, name, image, description, lowest_price,  highest_price, postal_code, address, access, opening_time, closing_time, phone_number, seating_capacity) VALUES (6, 'フランス家庭料理 グランダミ（Grand Ami）', 'shop06.jpg', '各種記念日やデート、会食などに最適な半個室が人気♪コース＆アラカルトお楽しみいただけます。', 2000,  5999, '650-0012', '兵庫県神戸市中央区北長狭通1-5-8 コースト35ビル 10F', 'JR、阪急、阪神、各線三宮駅から徒歩3分', '12:00', '23:00', '012-345-678', 39);
INSERT IGNORE INTO restaurants (id, name, image, description, lowest_price,  highest_price, postal_code, address, access, opening_time, closing_time, phone_number, seating_capacity) VALUES (7, '韓国料理 OMONI', 'shop07.jpg', '【三ノ宮徒歩5分】【韓流好きな女性向け】流行間違いなしと話題【チーズチムタク】が食べられる', 1000, 3999, '650-0004', '兵庫県神戸市中央区中山手通3-2-1', '神戸市営地下鉄 三宮駅・JR神戸線 元町駅 各線徒歩5分', '11:30', '22:00', '012-345-678', 55);
INSERT IGNORE INTO restaurants (id, name, image, description, lowest_price,  highest_price, postal_code, address, access, opening_time, closing_time, phone_number, seating_capacity) VALUES (8, 'ブラッスリー ラルドワーズ（BRASSERIE LARDOISE）', 'shop08.jpg', 'フランス×地元神戸の旬食材や、自家農園の野菜で作る”土の香り”を感じられる一皿を愉しむ。', 5000, 14999, '651-0086', '兵庫県神戸市中央区磯上通4-3-2 マンション磯上 1F', '三宮駅から徒歩7分', '11:30', '22:00', '012-345-678', 46);
INSERT IGNORE INTO restaurants (id, name, image, description, lowest_price,  highest_price, postal_code, address, access, opening_time, closing_time, phone_number, seating_capacity) VALUES (9, '新割烹 丹色（Niiro）', 'shop09.jpg', '【元町駅各西口3分】【完全個室有】日本料理から一歩進んだ「新割烹」を是非丹色で', 2000, 9999, '650-0022', '兵庫県神戸市中央区元町通3-13-1', 'JR元町駅・西口より徒歩3分', '11:30', '22:00', '012-345-678', 57);
INSERT IGNORE INTO restaurants (id, name, image, description, lowest_price,  highest_price, postal_code, address, access, opening_time, closing_time, phone_number, seating_capacity) VALUES (10, '二升五合（ニショウゴゴウ）', 'shop10.jpg', '美味しいお肉を1枚から気軽に楽しめる！三宮×焼肉で押さえておきたい一軒！', 2000, 5999, '650-0004', '兵庫県神戸市中央区中山手通1-22-33', '各線三宮駅より徒歩5分', '11:30', '22:00', '012-345-678', 61);
INSERT IGNORE INTO restaurants (id, name, image, description, lowest_price,  highest_price, postal_code, address, access, opening_time, closing_time, phone_number, seating_capacity) VALUES (11, '神戸牛・個室焼肉 大長今 三宮トアロード店', 'shop11.jpg', '神戸牛流通推進評議会加盟店！！個室完備！！宴会・接待・会食・記念日に最適！', 1000, 7999, '650-0012', '兵庫県神戸市中央区北長狭通2-6-6 ヤナセビル 1F', 'JR神戸線 三ノ宮駅 西口 徒歩5分', '11:30', '23:30', '012-345-678', 27);
INSERT IGNORE INTO restaurants (id, name, image, description, lowest_price,  highest_price, postal_code, address, access, opening_time, closing_time, phone_number, seating_capacity) VALUES (12, '蛮海（BANKAI）', 'shop12.jpg', '牛～ウシ～ギョプサルランチはじめました！', 1000, 5999, '650-0011', '兵庫県神戸市中央区下山手通1-2-1', '各線三ノ宮駅 徒歩3分/地下鉄三宮駅西出口1 徒歩1分', '12:00', '23:30', '012-345-678', 52);
INSERT IGNORE INTO restaurants (id, name, image, description, lowest_price,  highest_price, postal_code, address, access, opening_time, closing_time, phone_number, seating_capacity) VALUES (13, '麤皮（あらがわ）', 'shop13.jpg', '世界最高峰の旬！！【白トリフフェア】11月30日まで開催中！！', 30000, 49000, '650-0004', '兵庫県神戸市中央区中山手通2-15-18', 'JR・阪急・阪神・地下鉄 三宮駅 各線徒歩10分', '12:00', '22:00', '012-345-678', 17);
INSERT IGNORE INTO restaurants (id, name, image, description, lowest_price,  highest_price, postal_code, address, access, opening_time, closing_time, phone_number, seating_capacity) VALUES (14, 'くずし割烹 小町', 'shop14.jpg', '【JR須磨3分/山陽須磨1分】居酒屋以上割烹未満 こんなお店があったらいいな…を須磨駅に！', 1000, 4999, '654-0055', '兵庫県神戸市須磨区須磨浦通4-7-8 コットンボール須磨駅前ビル 1F', '山陽電鉄山陽須磨駅より徒歩1分/JR須磨駅より徒歩3分', '11:30', '21:30', '012-345-678', 18);
INSERT IGNORE INTO restaurants (id, name, image, description, lowest_price,  highest_price, postal_code, address, access, opening_time, closing_time, phone_number, seating_capacity) VALUES (15, 'オステリアガウダンテ 神戸ハーバーランド店', 'shop15.jpg', 'イタリア ヴェネト州出身のシェフがつくる本格イタリアン！', 1000, 3999, '650-0044', '兵庫県神戸市中央区東川崎町1-6-1 umie MOSAIC 3F', '地下鉄ハーバーランド駅から徒歩5分', '11:00', '21:30', '012-345-678', 35);
INSERT IGNORE INTO restaurants (id, name, image, description, lowest_price,  highest_price, postal_code, address, access, opening_time, closing_time, phone_number, seating_capacity) VALUES (16, '珉珉 三宮店別館（ミンミン）', 'shop16.jpg', '【営業再開！】三宮別館限定♦珉珉本店の名物餃子食べ放題コースが人気！少人数でのお集まりに◎', 1000, 3999, '650-0012', '兵庫県神戸市中央区北長狭通1-32-2', '阪急神戸三宮駅、JR三宮駅から30秒/阪神神戸三宮駅から1分', '12:00', '22:00', '012-345-678', 49);
INSERT IGNORE INTO restaurants (id, name, image, description, lowest_price,  highest_price, postal_code, address, access, opening_time, closing_time, phone_number, seating_capacity) VALUES (17, 'ビストロ エン（Bistro en）', 'shop17.jpg', '三ノ宮駅5分♦繊細かつ鮮やかに。本場で培った本格フランス料理をカジュアルにご堪能ください', 2000, 5999, '650-0012', '兵庫県神戸市中央区北長狭通2-5-17 メープル三宮 4F', '各線三ノ宮駅から徒歩約5分', '11:30', '22:30', '012-345-678', 54);
INSERT IGNORE INTO restaurants (id, name, image, description, lowest_price,  highest_price, postal_code, address, access, opening_time, closing_time, phone_number, seating_capacity) VALUES (18, 'ラピュタザフランダーステイル 三宮 神戸国際会館前', 'shop18.jpg', '【三宮駅 徒歩5分】ベルギービールと肉料理を楽しむ！開放的な屋上テラス付き ビアーレストラン！', 1000, 4999, '651-0086', '兵庫県神戸市中央区磯上通7-1-19 プログレス神戸 8F', '各線三宮駅より徒歩5分', '12:00', '22:00', '012-345-678', 35);
INSERT IGNORE INTO restaurants (id, name, image, description, lowest_price,  highest_price, postal_code, address, access, opening_time, closing_time, phone_number, seating_capacity) VALUES (19, '木曽路 神戸ハーバーランド店（キソジ）', 'shop19.jpg', '宴会・慶事・法事・七五三など、大事なお客様のおもてなしに。コース予約で個室もご利用可能です', 2000, 4999, '650-0044', '兵庫県神戸市中央区東川崎町1-8-1 プロメナ神戸 18F', 'JR神戸線 神戸駅 中央口 徒歩5分', '11:00', '22:00', '012-345-678', 14);
INSERT IGNORE INTO restaurants (id, name, image, description, lowest_price,  highest_price, postal_code, address, access, opening_time, closing_time, phone_number, seating_capacity) VALUES (20, '神戸ステーキ＆カフェ ノーブルウルス（Kobe Steak & Cafe Nobleurs【旧店名】神戸ステーキバル ノーブルウルス）', 'shop20.jpg', '肩肘張らずに最高級黒毛和牛や神戸牛を堪能！ゆっくり女子会も◎インボイス対応！会社宴会歓迎', 1000, 7999, '650-0011', '兵庫県神戸市中央区下山手通2-11-26 アパホテル 1F', '阪急電鉄神戸三宮駅より徒歩2分/神戸市営地下鉄旧居留地・大丸前駅より徒歩3分', '11:30', '22:00', '012-345-678', 55);
INSERT IGNORE INTO restaurants (id, name, image, description, lowest_price,  highest_price, postal_code, address, access, opening_time, closing_time, phone_number, seating_capacity) VALUES (21, '楽関記（Rakkanki）', 'shop21.jpg', '本場で修行し全て手作りにこだわった小籠包。オーダー後に包みます。各種宴会承ります。', 1000, 3999, '650-0012', '兵庫県神戸市中央区北長狭通3-6-5 GONIビル 1F', 'JR元町駅より徒歩2分', '11:30', '22:00', '012-345-678', 33);
INSERT IGNORE INTO restaurants (id, name, image, description, lowest_price,  highest_price, postal_code, address, access, opening_time, closing_time, phone_number, seating_capacity) VALUES (22, 'クッチーナ ラトリエ（cucina LATELIER）', 'shop22.jpg', '和テイストを盛り込んだイタリアンとソムリエ厳選ワイン おしゃれな空間は日常使いにも◎', 2000, 5999, '650-0022', '兵庫県神戸市中央区元町通1-7-2 ニューもとビル 2F', 'JR元町駅 徒歩2分', '11:30', '22:00', '012-345-678', 42);
INSERT IGNORE INTO restaurants (id, name, image, description, lowest_price,  highest_price, postal_code, address, access, opening_time, closing_time, phone_number, seating_capacity) VALUES (23, '神戸牛焼肉 八坐和 本店', 'shop23.jpg', '当日の席だけの予約ＯＫ♪ＴＶなど取材多数の人気店！なかなか目にかからない神戸牛のみの焼肉を', 2000, 5999, '650-0021', '兵庫県神戸市中央区三宮町2-3-1', 'JR神戸線 三ノ宮駅 徒歩5分/阪急・阪神本線 神戸三宮駅 徒歩5分', '11:30', '21:30', '012-345-678', 41);
INSERT IGNORE INTO restaurants (id, name, image, description, lowest_price,  highest_price, postal_code, address, access, opening_time, closing_time, phone_number, seating_capacity) VALUES (24, '京鼎樓（ジンディンロウ）', 'shop24.jpg', '【JR三ノ宮駅すぐ】ミント神戸7階/小籠包と本格中華/当日予約♪', 1000, 3999, '651-0096', '兵庫県神戸市中央区雲井通7-1-1 ミント神戸 7F', 'JR三ノ宮駅東改札口徒歩すぐ/阪神神戸三宮駅東改札口B1F直結/阪急神戸三宮駅東改札口徒歩すぐ/神戸市営地下鉄三宮駅東出口3番徒歩すぐ', '11:00', '23:00', '012-345-678', 26);
INSERT IGNORE INTO restaurants (id, name, image, description, lowest_price,  highest_price, postal_code, address, access, opening_time, closing_time, phone_number, seating_capacity) VALUES (25, '日本酒と肴 おく村', 'shop25.jpg', 'おしゃれな空間で旬の鮮魚を使ったコース料理と最高の日本酒を。記念日や接待にも', 1000, 14999, '650-0011', '兵庫県神戸市中央区下山手通3-2-7 東方ハイツ 1F', '元町駅から徒歩6分/三ノ宮駅から徒歩9分', '11:30', '21:00', '012-345-678', 28);
INSERT IGNORE INTO restaurants (id, name, image, description, lowest_price,  highest_price, postal_code, address, access, opening_time, closing_time, phone_number, seating_capacity) VALUES (26, '鮨 たかはま', 'shop26.jpg', '気さくな大将が珠玉のアテと最高の鮨でおもてなしする大人の隠れ家', 15000, 29999, '650-0011', '兵庫県神戸市中央区下山手通2-12-20 セゾンコート 1F', '各線三ノ宮駅より徒歩5分程度', '12:00', '22:00', '012-345-678', 30);
INSERT IGNORE INTO restaurants (id, name, image, description, lowest_price,  highest_price, postal_code, address, access, opening_time, closing_time, phone_number, seating_capacity) VALUES (27, 'レストラン グリルテーブル ウィズスカイバー', 'shop27.jpg', '【17階夜景展望】地産地消の素材で楽しむ新感覚の「モダンバスク料理」', 1000, 5999, '650-0044', '兵庫県神戸市中央区東川崎町1-3-5 神戸ハーバーランドホテル クラウンパレス神戸 17F', 'JR神戸線神戸駅 徒歩2分', '11:30', '22:00', '012-345-678', 32);
INSERT IGNORE INTO restaurants (id, name, image, description, lowest_price,  highest_price, postal_code, address, access, opening_time, closing_time, phone_number, seating_capacity) VALUES (28, 'BISTRANTE BOQU（ビストランテ ボク）', 'shop28.jpg', '隠れ家敵空間で肩ひじ張らず気軽にワインやイタリアンをお楽しみ頂けます♪好評ランチも営業中★', 2000, 5999, '650-0012', '兵庫県神戸市中央区北長狭通2-11-5 グランドコーストビル 3F', '各線三宮駅より徒歩5分', '11:30', '22:00', '012-345-678', 27);
INSERT IGNORE INTO restaurants (id, name, image, description, lowest_price,  highest_price, postal_code, address, access, opening_time, closing_time, phone_number, seating_capacity) VALUES (29, 'SCOOP', 'shop29.jpg', '【神戸大丸・南京町近く】スパイスカレー＆レトロスイーツが人気のシャビーシックな隠れ家カフェ', 1000, 2999, '650-0022', '兵庫県神戸市中央区元町通1-4-12 MISXビル 103', '神戸市営地下鉄旧居留地・大丸前駅より徒歩1分/JR元町駅より徒歩2分', '11:30', '22:00', '012-345-678', 22);
INSERT IGNORE INTO restaurants (id, name, image, description, lowest_price,  highest_price, postal_code, address, access, opening_time, closing_time, phone_number, seating_capacity) VALUES (30, '土佐清水ワールド 三宮旭通店', 'shop30.jpg', '【個室あり！忘年会受付中！】JR三宮駅すぐ★本場の鰹の藁焼きをご堪能下さい！', 1000, 3999, '651-0095', '兵庫県神戸市中央区旭通5-322', 'JR三ノ宮駅東口より徒歩3分/阪急神戸三宮駅より徒歩5分', '11:30', '23:00', '012-345-678', 32);
INSERT IGNORE INTO restaurants (id, name, image, description, lowest_price,  highest_price, postal_code, address, access, opening_time, closing_time, phone_number, seating_capacity) VALUES (31, 'Days Kitchen Vegetable House', 'shop31.jpg', '旬のお野菜を、ヘルシーに好きなだけ♪', 1000, 2999, '650-0023', '兵庫県神戸市中央区栄町通2-1-3', '元町駅より南へ徒歩5分', '11:30', '21:00', '012-345-678', 29);
INSERT IGNORE INTO restaurants (id, name, image, description, lowest_price,  highest_price, postal_code, address, access, opening_time, closing_time, phone_number, seating_capacity) VALUES (32, 'KOBE 元町バル Charlie（チャーリー）', 'shop32.jpg', '2名様～ゆったり空間あり【JR元町駅徒歩2分】大丸裏路地隠れ家。タパスが魅力のスペインバル', 1000, 4999, '650-0021', '兵庫県神戸市中央区三宮町3-5-2 河原街ビル 1F', 'JR元町駅 徒歩2分/阪神本線元町駅 徒歩2分/神戸市営地下鉄旧居留地・大丸前駅 徒歩1分', '11:30', '23:30', '012-345-678', 35);
INSERT IGNORE INTO restaurants (id, name, image, description, lowest_price,  highest_price, postal_code, address, access, opening_time, closing_time, phone_number, seating_capacity) VALUES (33, '浦正鮨 別邸', 'shop33.jpg', '「昼網」で仕入れる明石の海の幸。板長が握る極上の寿司と旬の逸品に舌鼓', 3000, 7999, '651-2135', '兵庫県神戸市西区王塚台7-82-1 クローバーズマンション 1F', '神姫バス「大塚台7丁目」停留所より徒歩3分/JR明石駅・西明石駅 各線より車で12分', '11:30', '21:30', '012-345-678', 43);
INSERT IGNORE INTO restaurants (id, name, image, description, lowest_price,  highest_price, postal_code, address, access, opening_time, closing_time, phone_number, seating_capacity) VALUES (34, 'カフェ・レストラン 神戸望海山（のぞみやま）', 'shop34.jpg', '【神戸の景色を見渡すパノラマ】ホテル最上階で思い出に残るクリスマス＆忘年会パーティを★', 2000, 5999, '650-0001', '兵庫県神戸市中央区加納町4-2-1 EKIZO神戸三宮 29F', '阪急「神戸三宮」駅＜直結＞/JR「三ノ宮」駅＜直結＞', '11:30', '23:00', '012-345-678', 26);
INSERT IGNORE INTO restaurants (id, name, image, description, lowest_price,  highest_price, postal_code, address, access, opening_time, closing_time, phone_number, seating_capacity) VALUES (35, 'BRASSERIE LOBABON（ブラッスリーロバボン）', 'shop35.jpg', '神戸のモンマントル 北野ハンター坂『ブラッスリー ロバボン』で本場フランス気分をお楽しみ下さい', 1000, 5999, '650-0004', '兵庫県神戸市中央区中山手通1-27-11', '各線三宮駅徒歩8分', '12:00', '23:00', '012-345-678', 25);
INSERT IGNORE INTO restaurants (id, name, image, description, lowest_price,  highest_price, postal_code, address, access, opening_time, closing_time, phone_number, seating_capacity) VALUES (36, 'あぶり肉工房 西村家 三宮店', 'shop36.jpg', '《神戸牛取扱指定店》精肉店直営の炭火焼肉屋 より良い物を他店より安く提供をモットーに！', 1000, 5999, '650-0004', '兵庫県神戸市中央区中山手通1-4-25 ミユキビル 2F', '地下鉄三宮西出口②よりすぐ/JR三宮・阪急三宮・阪神神戸三宮 それぞれ西出口より徒歩5分', '11:30', '22:00', '012-345-678', 28);
INSERT IGNORE INTO restaurants (id, name, image, description, lowest_price,  highest_price, postal_code, address, access, opening_time, closing_time, phone_number, seating_capacity) VALUES (37, '旬和席 うおまん 三ノ宮 ミント神戸店（しゅんわせき うおまん）', 'shop37.jpg', '神戸三宮駅直結【個室宴会】飲み放題付き宴会コース4,500円～/デート・記念日・普段使いにも', 2000, 4999, '651-0096', '兵庫県神戸市中央区雲井通7-1-1 ミント神戸 8F', '阪神「神戸三宮駅」直結', '11:00', '22:00', '012-345-678', 37);
INSERT IGNORE INTO restaurants (id, name, image, description, lowest_price,  highest_price, postal_code, address, access, opening_time, closing_time, phone_number, seating_capacity) VALUES (38, '神戸牛 大地', 'shop38.jpg', '目の前でLIVE感を楽しむ鉄板焼き◎最高級の神戸牛のお味をご体験下さい。', 2000, 5999, '650-0022', '兵庫県神戸市中央区元町通1-1-3', '神戸市営地下鉄旧居留地・大丸前駅より徒歩1分/JR・阪神電車元町駅より徒歩3分', '11:00', '21:00', '012-345-678', 34);
INSERT IGNORE INTO restaurants (id, name, image, description, lowest_price,  highest_price, postal_code, address, access, opening_time, closing_time, phone_number, seating_capacity) VALUES (39, 'みかげ館', 'shop39.jpg', '”本物の食にこだわり続ける”神戸ならではの但馬牛を使用した石焼ステーキをご堪能あれ！！', 2000, 4999, '658-0047', '兵庫県神戸市東灘区御影町御影城之前1436', '阪急神戸線御影駅徒歩5分', '11:00', '22:00', '012-345-678', 25);
INSERT IGNORE INTO restaurants (id, name, image, description, lowest_price,  highest_price, postal_code, address, access, opening_time, closing_time, phone_number, seating_capacity) VALUES (40, 'Kobe Beef レッドワン（コウベビーフ レッドワン）', 'shop40.jpg', 'TVで紹介されたスフレオムライスが大人気♪神戸牛ステーキコースは3,900円～♪記念日にも◎', 2000, 7999, '650-0022', '兵庫県神戸市中央区元町通1-10-4 元町原田ビル 2F', 'JR神戸線元町駅・阪神本線元町駅 各線徒歩3分', '11:00', '21:00', '012-345-678', 23);

INSERT IGNORE INTO category_restaurant (id, restaurant_id, category_id) VALUES (1, 1, 1);
INSERT IGNORE INTO category_restaurant (id, restaurant_id, category_id) VALUES (2, 2, 2);
INSERT IGNORE INTO category_restaurant (id, restaurant_id, category_id) VALUES (3, 3, 3);
INSERT IGNORE INTO category_restaurant (id, restaurant_id, category_id) VALUES (4, 4, 4);
INSERT IGNORE INTO category_restaurant (id, restaurant_id, category_id) VALUES (5, 5, 5);
INSERT IGNORE INTO category_restaurant (id, restaurant_id, category_id) VALUES (6, 6, 6);
INSERT IGNORE INTO category_restaurant (id, restaurant_id, category_id) VALUES (7, 7, 7);
INSERT IGNORE INTO category_restaurant (id, restaurant_id, category_id) VALUES (8, 8, 8);
INSERT IGNORE INTO category_restaurant (id, restaurant_id, category_id) VALUES (9, 9, 9);
INSERT IGNORE INTO category_restaurant (id, restaurant_id, category_id) VALUES (10, 10, 10);
INSERT IGNORE INTO category_restaurant (id, restaurant_id, category_id) VALUES (11, 11, 11);
INSERT IGNORE INTO category_restaurant (id, restaurant_id, category_id) VALUES (12, 12, 10);
INSERT IGNORE INTO category_restaurant (id, restaurant_id, category_id) VALUES (13, 13, 4);
INSERT IGNORE INTO category_restaurant (id, restaurant_id, category_id) VALUES (14, 14, 12);
INSERT IGNORE INTO category_restaurant (id, restaurant_id, category_id) VALUES (15, 15, 3);
INSERT IGNORE INTO category_restaurant (id, restaurant_id, category_id) VALUES (16, 16, 13);
INSERT IGNORE INTO category_restaurant (id, restaurant_id, category_id) VALUES (17, 17, 14);
INSERT IGNORE INTO category_restaurant (id, restaurant_id, category_id) VALUES (18, 18, 15);
INSERT IGNORE INTO category_restaurant (id, restaurant_id, category_id) VALUES (19, 19, 16);
INSERT IGNORE INTO category_restaurant (id, restaurant_id, category_id) VALUES (20, 20, 4);
INSERT IGNORE INTO category_restaurant (id, restaurant_id, category_id) VALUES (21, 21, 13);
INSERT IGNORE INTO category_restaurant (id, restaurant_id, category_id) VALUES (22, 22, 3);
INSERT IGNORE INTO category_restaurant (id, restaurant_id, category_id) VALUES (23, 23, 11);
INSERT IGNORE INTO category_restaurant (id, restaurant_id, category_id) VALUES (24, 24, 13);
INSERT IGNORE INTO category_restaurant (id, restaurant_id, category_id) VALUES (25, 25, 1);
INSERT IGNORE INTO category_restaurant (id, restaurant_id, category_id) VALUES (26, 26, 17);
INSERT IGNORE INTO category_restaurant (id, restaurant_id, category_id) VALUES (27, 27, 2);
INSERT IGNORE INTO category_restaurant (id, restaurant_id, category_id) VALUES (28, 28, 8);
INSERT IGNORE INTO category_restaurant (id, restaurant_id, category_id) VALUES (29, 29, 18);
INSERT IGNORE INTO category_restaurant (id, restaurant_id, category_id) VALUES (30, 30, 19);
INSERT IGNORE INTO category_restaurant (id, restaurant_id, category_id) VALUES (31, 31, 3);
INSERT IGNORE INTO category_restaurant (id, restaurant_id, category_id) VALUES (32, 32, 2);
INSERT IGNORE INTO category_restaurant (id, restaurant_id, category_id) VALUES (33, 33, 17);
INSERT IGNORE INTO category_restaurant (id, restaurant_id, category_id) VALUES (34, 34, 18);
INSERT IGNORE INTO category_restaurant (id, restaurant_id, category_id) VALUES (35, 35, 14);
INSERT IGNORE INTO category_restaurant (id, restaurant_id, category_id) VALUES (36, 36, 11);
INSERT IGNORE INTO category_restaurant (id, restaurant_id, category_id) VALUES (37, 37, 12);
INSERT IGNORE INTO category_restaurant (id, restaurant_id, category_id) VALUES (38, 38, 4);
INSERT IGNORE INTO category_restaurant (id, restaurant_id, category_id) VALUES (39, 39, 4);
INSERT IGNORE INTO category_restaurant (id, restaurant_id, category_id) VALUES (40, 40, 5);

INSERT IGNORE INTO regular_holidays (id, day, day_index) VALUES (1, '不定休', 1);
INSERT IGNORE INTO regular_holidays (id, day, day_index) VALUES (2, '月曜日・火曜日', 2);
INSERT IGNORE INTO regular_holidays (id, day, day_index) VALUES (3, '日曜日', 3);
INSERT IGNORE INTO regular_holidays (id, day, day_index) VALUES (4, '月・火曜日（月曜日祭日は営業で火曜日だけお休み', 4);
INSERT IGNORE INTO regular_holidays (id, day, day_index) VALUES (5, '無休', 5);
INSERT IGNORE INTO regular_holidays (id, day, day_index) VALUES (6, '日曜日 ※月曜日が祝日の場合は日曜日営業、月曜日定休日になります。', 6);
INSERT IGNORE INTO regular_holidays (id, day, day_index) VALUES (7, '月曜日', 7);
INSERT IGNORE INTO regular_holidays (id, day, day_index) VALUES (8, '日曜、月末の月曜、他不定休有り', 8);
INSERT IGNORE INTO regular_holidays (id, day, day_index) VALUES (9, '日曜日・祝日', 9);
INSERT IGNORE INTO regular_holidays (id, day, day_index) VALUES (10, '火曜日（祝日の場合は翌日）', 10);
INSERT IGNORE INTO regular_holidays (id, day, day_index) VALUES (11, '毎週月曜日、第3火曜日（祝日の場合は、営業し翌日休業致します。）', 11);
INSERT IGNORE INTO regular_holidays (id, day, day_index) VALUES (12, '月曜日（月曜日が祝日の場合火曜日が定休日）、月に一度、月曜日以外で臨時休業あり', 12);
INSERT IGNORE INTO regular_holidays (id, day, day_index) VALUES (13, 'ミント神戸の営業日に準ずる', 13);
INSERT IGNORE INTO regular_holidays (id, day, day_index) VALUES (14, '水曜日・第3木曜日', 14);
INSERT IGNORE INTO regular_holidays (id, day, day_index) VALUES (15, '毎週火曜日 第2・第4水曜日', 15);
INSERT IGNORE INTO regular_holidays (id, day, day_index) VALUES (16, '火曜日 ※臨時休業あり', 16);
INSERT IGNORE INTO regular_holidays (id, day, day_index) VALUES (17, '毎週火曜日', 17);
INSERT IGNORE INTO regular_holidays (id, day, day_index) VALUES (18, '元旦、毎月最終月曜日（年末及び祝日などで変動がある場合は随時ご案内させていただきます。', 18);

INSERT IGNORE INTO regular_holiday_restaurant (id, restaurant_id, regular_holiday_id) VALUES (1, 1, 1);
INSERT IGNORE INTO regular_holiday_restaurant (id, restaurant_id, regular_holiday_id) VALUES (2, 2, 2);
INSERT IGNORE INTO regular_holiday_restaurant (id, restaurant_id, regular_holiday_id) VALUES (3, 3, 3);
INSERT IGNORE INTO regular_holiday_restaurant (id, restaurant_id, regular_holiday_id) VALUES (4, 4, 4);
INSERT IGNORE INTO regular_holiday_restaurant (id, restaurant_id, regular_holiday_id) VALUES (5, 5, 5);
INSERT IGNORE INTO regular_holiday_restaurant (id, restaurant_id, regular_holiday_id) VALUES (6, 6, 1);
INSERT IGNORE INTO regular_holiday_restaurant (id, restaurant_id, regular_holiday_id) VALUES (7, 7, 6);
INSERT IGNORE INTO regular_holiday_restaurant (id, restaurant_id, regular_holiday_id) VALUES (8, 8, 7);
INSERT IGNORE INTO regular_holiday_restaurant (id, restaurant_id, regular_holiday_id) VALUES (9, 9, 8);
INSERT IGNORE INTO regular_holiday_restaurant (id, restaurant_id, regular_holiday_id) VALUES (10, 10, 3);
INSERT IGNORE INTO regular_holiday_restaurant (id, restaurant_id, regular_holiday_id) VALUES (11, 11, 5);
INSERT IGNORE INTO regular_holiday_restaurant (id, restaurant_id, regular_holiday_id) VALUES (12, 12, 9);
INSERT IGNORE INTO regular_holiday_restaurant (id, restaurant_id, regular_holiday_id) VALUES (13, 13, 6);
INSERT IGNORE INTO regular_holiday_restaurant (id, restaurant_id, regular_holiday_id) VALUES (14, 14, 1);
INSERT IGNORE INTO regular_holiday_restaurant (id, restaurant_id, regular_holiday_id) VALUES (15, 15, 5);
INSERT IGNORE INTO regular_holiday_restaurant (id, restaurant_id, regular_holiday_id) VALUES (16, 16, 10);
INSERT IGNORE INTO regular_holiday_restaurant (id, restaurant_id, regular_holiday_id) VALUES (17, 17, 11);
INSERT IGNORE INTO regular_holiday_restaurant (id, restaurant_id, regular_holiday_id) VALUES (18, 18, 5);
INSERT IGNORE INTO regular_holiday_restaurant (id, restaurant_id, regular_holiday_id) VALUES (19, 19, 5);
INSERT IGNORE INTO regular_holiday_restaurant (id, restaurant_id, regular_holiday_id) VALUES (20, 20, 5);
INSERT IGNORE INTO regular_holiday_restaurant (id, restaurant_id, regular_holiday_id) VALUES (21, 21, 1);
INSERT IGNORE INTO regular_holiday_restaurant (id, restaurant_id, regular_holiday_id) VALUES (22, 22, 12);
INSERT IGNORE INTO regular_holiday_restaurant (id, restaurant_id, regular_holiday_id) VALUES (23, 23, 5);
INSERT IGNORE INTO regular_holiday_restaurant (id, restaurant_id, regular_holiday_id) VALUES (24, 24, 13);
INSERT IGNORE INTO regular_holiday_restaurant (id, restaurant_id, regular_holiday_id) VALUES (25, 25, 14);
INSERT IGNORE INTO regular_holiday_restaurant (id, restaurant_id, regular_holiday_id) VALUES (26, 26, 1);
INSERT IGNORE INTO regular_holiday_restaurant (id, restaurant_id, regular_holiday_id) VALUES (27, 27, 1);
INSERT IGNORE INTO regular_holiday_restaurant (id, restaurant_id, regular_holiday_id) VALUES (28, 28, 12);
INSERT IGNORE INTO regular_holiday_restaurant (id, restaurant_id, regular_holiday_id) VALUES (29, 29, 5);
INSERT IGNORE INTO regular_holiday_restaurant (id, restaurant_id, regular_holiday_id) VALUES (30, 30, 5);
INSERT IGNORE INTO regular_holiday_restaurant (id, restaurant_id, regular_holiday_id) VALUES (31, 31, 15);
INSERT IGNORE INTO regular_holiday_restaurant (id, restaurant_id, regular_holiday_id) VALUES (32, 32, 1);
INSERT IGNORE INTO regular_holiday_restaurant (id, restaurant_id, regular_holiday_id) VALUES (33, 33, 16);
INSERT IGNORE INTO regular_holiday_restaurant (id, restaurant_id, regular_holiday_id) VALUES (34, 34, 13);
INSERT IGNORE INTO regular_holiday_restaurant (id, restaurant_id, regular_holiday_id) VALUES (35, 35, 1);
INSERT IGNORE INTO regular_holiday_restaurant (id, restaurant_id, regular_holiday_id) VALUES (36, 36, 17);
INSERT IGNORE INTO regular_holiday_restaurant (id, restaurant_id, regular_holiday_id) VALUES (37, 37, 13);
INSERT IGNORE INTO regular_holiday_restaurant (id, restaurant_id, regular_holiday_id) VALUES (38, 38, 5);
INSERT IGNORE INTO regular_holiday_restaurant (id, restaurant_id, regular_holiday_id) VALUES (39, 39, 18);
INSERT IGNORE INTO regular_holiday_restaurant (id, restaurant_id, regular_holiday_id) VALUES (40, 40, 5);

INSERT IGNORE INTO pictures (id, restaurant_id, photo_1, photo_2, photo_3, photo_4) VALUES (1, 1, 'photo01.jpg', 'photo02.jpg', 'photo03.jpg', 'photo04.jpg');
INSERT IGNORE INTO pictures (id, restaurant_id, photo_1, photo_2, photo_3, photo_4) VALUES (2, 2, 'photo05.jpg', 'photo06.jpg', 'photo07.jpg', 'photo08.jpg');
INSERT IGNORE INTO pictures (id, restaurant_id, photo_1, photo_2, photo_3, photo_4) VALUES (3, 3, 'photo09.jpg', 'photo10.jpg', 'photo11.jpg', 'photo12.jpg');
INSERT IGNORE INTO pictures (id, restaurant_id, photo_1, photo_2, photo_3, photo_4) VALUES (4, 4, 'photo13.jpg', 'photo14.jpg', 'photo15.jpg', 'photo16.jpg');
INSERT IGNORE INTO pictures (id, restaurant_id, photo_1, photo_2, photo_3, photo_4) VALUES (5, 5, 'photo17.jpg', 'photo18.jpg', 'photo19.jpg', 'photo20.jpg');
INSERT IGNORE INTO pictures (id, restaurant_id, photo_1, photo_2, photo_3, photo_4) VALUES (6, 6, 'photo21.jpg', 'photo22.jpg', 'photo23.jpg', 'photo24.jpg');
INSERT IGNORE INTO pictures (id, restaurant_id, photo_1, photo_2, photo_3, photo_4) VALUES (7, 7, 'photo25.jpg', 'photo26.jpg', 'photo27.jpg', 'photo28.jpg');
INSERT IGNORE INTO pictures (id, restaurant_id, photo_1, photo_2, photo_3, photo_4) VALUES (8, 8, 'photo29.jpg', 'photo30.jpg', 'photo31.jpg', 'photo32.jpg');
INSERT IGNORE INTO pictures (id, restaurant_id, photo_1, photo_2, photo_3, photo_4) VALUES (9, 9, 'photo33.jpg', 'photo34.jpg', 'photo35.jpg', 'photo36.jpg');
INSERT IGNORE INTO pictures (id, restaurant_id, photo_1, photo_2, photo_3, photo_4) VALUES (10, 10, 'photo37.jpg', 'photo38.jpg', 'photo39.jpg', 'photo40.jpg');
INSERT IGNORE INTO pictures (id, restaurant_id, photo_1, photo_2, photo_3, photo_4) VALUES (11, 11, 'photo41.jpg', 'photo42.jpg', 'photo43.jpg', 'photo44.jpg');
INSERT IGNORE INTO pictures (id, restaurant_id, photo_1, photo_2, photo_3, photo_4) VALUES (12, 12, 'photo45.jpg', 'photo46.jpg', 'photo47.jpg', 'photo48.jpg');
INSERT IGNORE INTO pictures (id, restaurant_id, photo_1, photo_2, photo_3, photo_4) VALUES (13, 13, 'photo49.jpg', 'photo50.jpg', 'photo51.jpg', 'photo52.jpg');
INSERT IGNORE INTO pictures (id, restaurant_id, photo_1, photo_2, photo_3, photo_4) VALUES (14, 14, 'photo53.jpg', 'photo54.jpg', 'photo55.jpg', 'photo56.jpg');
INSERT IGNORE INTO pictures (id, restaurant_id, photo_1, photo_2, photo_3, photo_4) VALUES (15, 15, 'photo57.jpg', 'photo58.jpg', 'photo59.jpg', 'photo60.jpg');
INSERT IGNORE INTO pictures (id, restaurant_id, photo_1, photo_2, photo_3, photo_4) VALUES (16, 16, 'photo61.jpg', 'photo62.jpg', 'photo63.jpg', 'photo64.jpg');
INSERT IGNORE INTO pictures (id, restaurant_id, photo_1, photo_2, photo_3, photo_4) VALUES (17, 17, 'photo65.jpg', 'photo66.jpg', 'photo67.jpg', 'photo68.jpg');
INSERT IGNORE INTO pictures (id, restaurant_id, photo_1, photo_2, photo_3, photo_4) VALUES (18, 18, 'photo69.jpg', 'photo70.jpg', 'photo71.jpg', 'photo72.jpg');
INSERT IGNORE INTO pictures (id, restaurant_id, photo_1, photo_2, photo_3, photo_4) VALUES (19, 19, 'photo73.jpg', 'photo74.jpg', 'photo75.jpg', 'photo76.jpg');
INSERT IGNORE INTO pictures (id, restaurant_id, photo_1, photo_2, photo_3, photo_4) VALUES (20, 20, 'photo77.jpg', 'photo78.jpg', 'photo79.jpg', 'photo80.jpg');
INSERT IGNORE INTO pictures (id, restaurant_id, photo_1, photo_2, photo_3, photo_4) VALUES (21, 21, 'photo81.jpg', 'photo82.jpg', 'photo83.jpg', 'photo84.jpg');
INSERT IGNORE INTO pictures (id, restaurant_id, photo_1, photo_2, photo_3, photo_4) VALUES (22, 22, 'photo85.jpg', 'photo86.jpg', 'photo87.jpg', 'photo88.jpg');
INSERT IGNORE INTO pictures (id, restaurant_id, photo_1, photo_2, photo_3, photo_4) VALUES (23, 23, 'photo89.jpg', 'photo90.jpg', 'photo91.jpg', 'photo92.jpg');
INSERT IGNORE INTO pictures (id, restaurant_id, photo_1, photo_2, photo_3, photo_4) VALUES (24, 24, 'photo93.jpg', 'photo94.jpg', 'photo95.jpg', 'photo96.jpg');
INSERT IGNORE INTO pictures (id, restaurant_id, photo_1, photo_2, photo_3, photo_4) VALUES (25, 25, 'photo97.jpg', 'photo98.jpg', 'photo99.jpg', 'photo100.jpg');
INSERT IGNORE INTO pictures (id, restaurant_id, photo_1, photo_2, photo_3, photo_4) VALUES (26, 26, 'photo101.jpg', 'photo102.jpg', 'photo103.jpg', 'photo104.jpg');
INSERT IGNORE INTO pictures (id, restaurant_id, photo_1, photo_2, photo_3, photo_4) VALUES (27, 27, 'photo105.jpg', 'photo106.jpg', 'photo107.jpg', 'photo108.jpg');
INSERT IGNORE INTO pictures (id, restaurant_id, photo_1, photo_2, photo_3, photo_4) VALUES (28, 28, 'photo109.jpg', 'photo110.jpg', 'photo111.jpg', 'photo112.jpg');
INSERT IGNORE INTO pictures (id, restaurant_id, photo_1, photo_2, photo_3, photo_4) VALUES (29, 29, 'photo113.jpg', 'photo114.jpg', 'photo115.jpg', 'photo116.jpg');
INSERT IGNORE INTO pictures (id, restaurant_id, photo_1, photo_2, photo_3, photo_4) VALUES (30, 30, 'photo117.jpg', 'photo118.jpg', 'photo119.jpg', 'photo120.jpg');
INSERT IGNORE INTO pictures (id, restaurant_id, photo_1, photo_2, photo_3, photo_4) VALUES (31, 31, 'photo121.jpg', 'photo122.jpg', 'photo123.jpg', 'photo124.jpg');
INSERT IGNORE INTO pictures (id, restaurant_id, photo_1, photo_2, photo_3, photo_4) VALUES (32, 32, 'photo125.jpg', 'photo126.jpg', 'photo127.jpg', 'photo128.jpg');
INSERT IGNORE INTO pictures (id, restaurant_id, photo_1, photo_2, photo_3, photo_4) VALUES (33, 33, 'photo129.jpg', 'photo130.jpg', 'photo131.jpg', 'photo132.jpg');
INSERT IGNORE INTO pictures (id, restaurant_id, photo_1, photo_2, photo_3, photo_4) VALUES (34, 34, 'photo133.jpg', 'photo134.jpg', 'photo135.jpg', 'photo136.jpg');
INSERT IGNORE INTO pictures (id, restaurant_id, photo_1, photo_2, photo_3, photo_4) VALUES (35, 35, 'photo137.jpg', 'photo138.jpg', 'photo139.jpg', 'photo140.jpg');
INSERT IGNORE INTO pictures (id, restaurant_id, photo_1, photo_2, photo_3, photo_4) VALUES (36, 36, 'photo141.jpg', 'photo142.jpg', 'photo143.jpg', 'photo144.jpg');
INSERT IGNORE INTO pictures (id, restaurant_id, photo_1, photo_2, photo_3, photo_4) VALUES (37, 37, 'photo145.jpg', 'photo146.jpg', 'photo147.jpg', 'photo148.jpg');
INSERT IGNORE INTO pictures (id, restaurant_id, photo_1, photo_2, photo_3, photo_4) VALUES (38, 38, 'photo149.jpg', 'photo150.jpg', 'photo151.jpg', 'photo152.jpg');
INSERT IGNORE INTO pictures (id, restaurant_id, photo_1, photo_2, photo_3, photo_4) VALUES (39, 39, 'photo153.jpg', 'photo154.jpg', 'photo155.jpg', 'photo156.jpg');
INSERT IGNORE INTO pictures (id, restaurant_id, photo_1, photo_2, photo_3, photo_4) VALUES (40, 40, 'photo157.jpg', 'photo158.jpg', 'photo159.jpg', 'photo160.jpg');
